<?xml version="1.0" encoding="UTF-8"?>
<allClasses>
   <apiPackage id="org.as3utils">
      <apiName>org.as3utils</apiName>
      <apiClassifier id="org.as3utils:ReflectionUtil">
         <apiName>ReflectionUtil</apiName>
         <apiClassifierDetail>
            <apiClassifierDef>
               <apiAccess value="public"/>
               <apiStatic/>
               <apiFinal/>
               <apiBaseClassifier>Object</apiBaseClassifier>
            </apiClassifierDef>
         </apiClassifierDetail>
         <prolog>
            <asMetadata/>
         </prolog>
      </apiClassifier>
      <apiClassifier id="org.as3utils:BooleanUtil">
         <apiName>BooleanUtil</apiName>
         <apiClassifierDetail>
            <apiClassifierDef>
               <apiAccess value="public"/>
               <apiStatic/>
               <apiBaseClassifier>Object</apiBaseClassifier>
            </apiClassifierDef>
         </apiClassifierDetail>
         <prolog>
            <asMetadata/>
         </prolog>
      </apiClassifier>
      <apiClassifier id="org.as3utils:DrawUtil">
         <apiName>DrawUtil</apiName>
         <apiClassifierDetail>
            <apiClassifierDef>
               <apiAccess value="public"/>
               <apiStatic/>
               <apiBaseClassifier>Object</apiBaseClassifier>
            </apiClassifierDef>
         </apiClassifierDetail>
         <prolog>
            <asMetadata/>
         </prolog>
      </apiClassifier>
      <apiClassifier id="org.as3utils:MathUtil">
         <apiName>MathUtil</apiName>
         <apiClassifierDetail>
            <apiClassifierDef>
               <apiAccess value="public"/>
               <apiStatic/>
               <apiBaseClassifier>Object</apiBaseClassifier>
            </apiClassifierDef>
         </apiClassifierDetail>
         <prolog>
            <asMetadata/>
         </prolog>
      </apiClassifier>
      <apiClassifier id="org.as3utils:EquatableUtil">
         <apiName>EquatableUtil</apiName>
         <apiClassifierDetail>
            <apiClassifierDef>
               <apiAccess value="public"/>
               <apiStatic/>
               <apiFinal/>
               <apiBaseClassifier>Object</apiBaseClassifier>
            </apiClassifierDef>
         </apiClassifierDetail>
         <prolog>
            <asMetadata/>
         </prolog>
      </apiClassifier>
      <apiClassifier id="org.as3utils:RandomUtil">
         <apiName>RandomUtil</apiName>
         <apiClassifierDetail>
            <apiClassifierDef>
               <apiAccess value="public"/>
               <apiStatic/>
               <apiBaseClassifier>Object</apiBaseClassifier>
            </apiClassifierDef>
         </apiClassifierDetail>
         <prolog>
            <asMetadata/>
         </prolog>
      </apiClassifier>
      <apiClassifier id="org.as3utils:StringUtil">
         <apiName>StringUtil</apiName>
         <apiClassifierDetail>
            <apiClassifierDef>
               <apiAccess value="public"/>
               <apiStatic/>
               <apiFinal/>
               <apiBaseClassifier>Object</apiBaseClassifier>
            </apiClassifierDef>
         </apiClassifierDetail>
         <prolog>
            <asMetadata/>
         </prolog>
      </apiClassifier>
      <apiClassifier id="org.as3utils:URLUtil">
         <apiName>URLUtil</apiName>
         <apiClassifierDetail>
            <apiClassifierDef>
               <apiAccess value="public"/>
               <apiStatic/>
               <apiFinal/>
               <apiBaseClassifier>Object</apiBaseClassifier>
            </apiClassifierDef>
         </apiClassifierDetail>
         <prolog>
            <asMetadata/>
         </prolog>
      </apiClassifier>
      <apiClassifier id="org.as3utils:ArrayUtil">
         <apiName>ArrayUtil</apiName>
         <apiClassifierDetail>
            <apiClassifierDef>
               <apiAccess value="public"/>
               <apiStatic/>
               <apiBaseClassifier>Object</apiBaseClassifier>
            </apiClassifierDef>
         </apiClassifierDetail>
         <prolog>
            <asMetadata/>
         </prolog>
      </apiClassifier>
      <apiClassifier id="org.as3utils:ByteConversionUtil">
         <apiName>ByteConversionUtil</apiName>
         <apiClassifierDetail>
            <apiClassifierDef>
               <apiAccess value="public"/>
               <apiStatic/>
               <apiBaseClassifier>Object</apiBaseClassifier>
            </apiClassifierDef>
         </apiClassifierDetail>
         <prolog>
            <asMetadata/>
         </prolog>
      </apiClassifier>
      <apiClassifier id="org.as3utils:NumberUtil">
         <apiName>NumberUtil</apiName>
         <apiClassifierDetail>
            <apiClassifierDef>
               <apiAccess value="public"/>
               <apiStatic/>
               <apiFinal/>
               <apiBaseClassifier>Object</apiBaseClassifier>
            </apiClassifierDef>
         </apiClassifierDetail>
         <prolog>
            <asMetadata/>
         </prolog>
      </apiClassifier>
   </apiPackage>
</allClasses>